{"stat.pickup.minecraft.bone":16,"stat.pickup.spartanweaponry.club_wood":3,"stat.leaveGame":13,"stat.pickup.minecraft.stone_pickaxe":1,"stat.pickup.toughasnails.jelled_slime_boots":1,"stat.useItem.spartanweaponry.rapier_wood":3,"stat.pickup.spartanweaponry.rapier_wood":4,"stat.useItem.minecraft.mutton":1,"stat.swimOneCm":13585,"stat.useItem.minecraft.planks":1,"stat.mineBlock.minecraft.web":2,"stat.pickup.toughasnails.jelled_slime_leggings":1,"stat.useItem.minecraft.stone_slab2":2,"stat.pickup.minecraft.rotten_flesh":12,"stat.pickup.minecraft.sand":5,"stat.useItem.minecraft.egg":1,"stat.useItem.spartanweaponry.club_wood":10,"stat.pickup.minecraft.cobblestone":3,"stat.pickup.quark.black_ash":2,"stat.flyOneCm":64463,"stat.pickup.spartanshields.shield_basic_stone":1,"stat.craftItem.spartanweaponry.spear_wood":1,"stat.useItem.minecraft.cooked_beef":3,"stat.timeSinceDeath":4306,"stat.pickup.quark.cooked_frog_leg":64,"stat.craftItem.minecraft.wooden_pickaxe":1,"stat.pickup.minecraft.mutton":8,"stat.pickup.minecraft.double_plant":13,"stat.pickup.minecraft.wooden_axe":2,"stat.furnaceInteraction":3,"stat.craftItem.spartanweaponry.material":2,"stat.mineBlock.minecraft.coal_ore":4,"stat.pickup.minecraft.wooden_sword":5,"stat.pickup.minecraft.string":6,"stat.useItem.minecraft.cooked_mutton":3,"stat.craftItem.spartanweaponry.boomerang_wood":1,"stat.entityKilledBy.Skeleton":3,"stat.craftItem.minecraft.stone_slab2":0,"stat.sprintOneCm":98484,"stat.craftItem.minecraft.stick":16,"stat.craftItem.minecraft.wooden_axe":1,"stat.deaths":6,"stat.pickup.minecraft.egg":2,"stat.playOneMinute":45134,"stat.useItem.minecraft.wooden_sword":5,"stat.killEntity.Sheep":3,"stat.killEntity.Zombie":5,"stat.mineBlock.minecraft.tallgrass":3,"stat.craftItem.minecraft.cooked_mutton":4,"stat.diveOneCm":19898,"stat.pickup.toughasnails.jelled_slime_chestplate":1,"stat.pickup.minecraft.arrow":4,"stat.useItem.minecraft.rotten_flesh":7,"stat.jump":597,"stat.pickup.minecraft.coal":12,"stat.fallOneCm":9247,"stat.crouchOneCm":5254,"stat.pickup.minecraft.spider_eye":3,"stat.useItem.spartanweaponry.boomerang_wood":19,"stat.pickup.minecraft.dirt":383,"stat.craftingTableInteraction":14,"stat.pickup.spartanweaponry.boomerang_wood":4,"stat.pickup.minecraft.wooden_pickaxe":4,"stat.damageTaken":2189,"stat.pickup.minecraft.feather":17,"stat.mineBlock.minecraft.furnace":1,"stat.useItem.minecraft.wooden_pickaxe":7,"stat.craftItem.minecraft.wooden_sword":1,"stat.pickup.minecraft.dye":2,"stat.pickup.minecraft.planks":28,"stat.pickup.minecraft.reeds":3,"stat.pickup.minecraft.bed":1,"stat.pickup.minecraft.wheat_seeds":10,"stat.damageDealt":2410,"stat.pickup.toughasnails.jelled_slime_helmet":1,"stat.pickup.spartanweaponry.saber_iron":1,"stat.craftItem.spartanweaponry.club_wood":1,"stat.mineBlock.minecraft.dirt":2,"stat.walkOneCm":109825,"stat.playerKills":4,"stat.pickup.minecraft.stick":16,"stat.craftItem.minecraft.crafting_table":1,"stat.mineBlock.minecraft.double_plant":1,"stat.pickup.minecraft.log":23,"stat.pickup.minecraft.chicken":11,"stat.pickup.minecraft.sapling":10,"stat.craftItem.minecraft.planks":36,"stat.killEntity.Chicken":9,"stat.killEntity.WitherSkeleton":1,"stat.pickup.minecraft.stone_sword":2,"stat.mobKills":18,"stat.pickup.spartanweaponry.spear_wood":4,"stat.mineBlock.minecraft.log":14,"stat.useItem.spartanweaponry.spear_wood":43,"stat.pickup.minecraft.water_bucket":1,"stat.mineBlock.minecraft.leaves":7,"stat.craftItem.spartanweaponry.rapier_wood":1,"stat.sneakTime":2466,"stat.useItem.minecraft.wooden_axe":9,"stat.mineBlock.minecraft.stone":2,"stat.pickup.quark.pickarang":1,"stat.pickup.minecraft.chest":1}