{"stat.chestOpened":9,"stat.pickup.minecraft.bone":18,"stat.pickup.spartanweaponry.club_wood":1,"stat.leaveGame":1,"stat.pickup.minecraft.arrow":2,"stat.useItem.minecraft.glass_bottle":3,"stat.pickup.minecraft.stone_pickaxe":5,"stat.entityKilledBy.Witch":1,"stat.useItem.minecraft.rotten_flesh":2,"stat.pickup.spartanweaponry.rapier_wood":1,"stat.swimOneCm":29383,"stat.jump":1528,"stat.pickup.minecraft.coal":16,"stat.fallOneCm":32633,"stat.climbOneCm":1151,"stat.mineBlock.minecraft.web":2,"stat.drop.minecraft.feather":2,"stat.drop.minecraft.wooden_sword":1,"stat.pickup.minecraft.porkchop":6,"stat.crouchOneCm":2322,"stat.mineBlock.minecraft.chest":1,"stat.pickup.minecraft.spider_eye":1,"stat.pickup.minecraft.dirt":213,"stat.useItem.minecraft.dirt":20,"stat.useItem.minecraft.stone_slab2":7,"stat.pickup.minecraft.bow":1,"stat.craftingTableInteraction":17,"stat.pickup.minecraft.rotten_flesh":17,"stat.pickup.minecraft.sand":6,"stat.pickup.spartanweaponry.boomerang_wood":3,"stat.craftItem.minecraft.furnace":2,"stat.pickup.minecraft.wooden_pickaxe":7,"stat.pickup.minecraft.feather":9,"stat.damageTaken":3086,"stat.pickup.minecraft.leather":3,"stat.useItem.spartanweaponry.club_wood":3,"stat.craftItem.spartanweaponry.boomerang_stone":1,"stat.craftItem.minecraft.stone_pickaxe":1,"stat.useItem.minecraft.wooden_pickaxe":3,"stat.pickup.minecraft.cobblestone":34,"stat.pickup.quark.black_ash":5,"stat.pickup.minecraft.dye":1,"stat.pickup.minecraft.planks":47,"stat.pickup.minecraft.reeds":12,"stat.useItem.spartanweaponry.boomerang_stone":16,"stat.craftItem.minecraft.stone_sword":1,"stat.flyOneCm":251087,"stat.craftItem.minecraft.glass_bottle":3,"stat.pickup.minecraft.wheat_seeds":10,"stat.mineBlock.minecraft.sand":8,"stat.entityKilledBy.Zombie":2,"stat.useItem.minecraft.stone_pickaxe":24,"stat.useItem.minecraft.cooked_beef":4,"stat.useItem.minecraft.stone_sword":25,"stat.pickup.quark.tallow":9,"stat.damageDealt":4698,"stat.craftItem.minecraft.glass":6,"stat.timeSinceDeath":20594,"stat.killEntity.Cow":5,"stat.mineBlock.minecraft.dirt":33,"stat.useItem.minecraft.crafting_table":1,"stat.craftItem.minecraft.wooden_pickaxe":1,"stat.killEntity.Pig":4,"stat.pickup.minecraft.mutton":6,"stat.pickup.minecraft.double_plant":9,"stat.walkOneCm":115795,"stat.playerKills":2,"stat.pickup.spartanweaponry.boomerang_stone":3,"stat.pickup.minecraft.stick":30,"stat.pickup.minecraft.wooden_axe":11,"stat.mineBlock.minecraft.vine":1,"stat.pickup.minecraft.crafting_table":6,"stat.craftItem.minecraft.crafting_table":3,"stat.furnaceInteraction":12,"stat.mineBlock.minecraft.double_plant":1,"stat.mineBlock.minecraft.coal_ore":3,"stat.mineBlock.quark.black_ash":1,"stat.pickup.minecraft.wooden_sword":2,"stat.pickup.minecraft.log":42,"stat.pickup.minecraft.string":14,"stat.useItem.quark.cooked_frog_leg":2,"stat.pickup.minecraft.beef":6,"stat.pickup.minecraft.furnace":1,"stat.useItem.minecraft.cooked_mutton":1,"stat.craftItem.spartanweaponry.boomerang_wood":1,"stat.entityKilledBy.Skeleton":5,"stat.craftItem.minecraft.stone_slab2":0,"stat.pickup.minecraft.stone":18,"stat.drop.minecraft.sapling":1,"stat.pickup.minecraft.chicken":3,"stat.pickup.minecraft.sapling":43,"stat.killEntity.Squid":1,"stat.sprintOneCm":177966,"stat.pickup.minecraft.cooked_beef":61,"stat.useItem.spartanweaponry.saber_iron":23,"stat.craftItem.minecraft.stick":12,"stat.craftItem.minecraft.wooden_axe":1,"stat.killEntity.Skeleton":3,"stat.craftItem.minecraft.planks":48,"stat.craftItem.toughasnails.purified_water_bottle":1,"stat.killEntity.Chicken":2,"stat.killEntity.Spider":3,"stat.mineBlock.minecraft.crafting_table":1,"stat.pickup.minecraft.stone_sword":5,"stat.mobKills":31,"stat.pickup.spartanweaponry.spear_wood":1,"stat.mineBlock.minecraft.log":20,"stat.deaths":12,"stat.useItem.quark.pickarang":106,"stat.drop":3,"stat.mineBlock.minecraft.leaves":8,"stat.pickup.minecraft.egg":3,"stat.playOneMinute":73017,"stat.useItem.minecraft.wooden_sword":20,"stat.killEntity.Sheep":1,"stat.sneakTime":1756,"stat.killEntity.Zombie":11,"stat.useItem.minecraft.wooden_axe":30,"stat.mineBlock.minecraft.stone":36,"stat.mineBlock.minecraft.tallgrass":18,"stat.diveOneCm":22289,"stat.pickup.minecraft.cooked_mutton":1}