{"stat.pickup.minecraft.bone":18,"stat.pickup.spartanweaponry.club_wood":1,"stat.leaveGame":2,"stat.pickup.minecraft.stone_pickaxe":5,"stat.entityKilledBy.Witch":1,"stat.pickup.toughasnails.jelled_slime_boots":3,"stat.pickup.spartanweaponry.rapier_wood":1,"stat.swimOneCm":30929,"stat.climbOneCm":1151,"stat.mineBlock.minecraft.web":2,"stat.drop.minecraft.feather":2,"stat.pickup.minecraft.porkchop":12,"stat.pickup.toughasnails.jelled_slime_leggings":1,"stat.pickup.minecraft.glass":9,"stat.useItem.minecraft.dirt":21,"stat.useItem.minecraft.stone_slab2":7,"stat.pickup.minecraft.bow":1,"stat.pickup.minecraft.rotten_flesh":18,"stat.pickup.minecraft.sand":12,"stat.craftItem.minecraft.furnace":2,"stat.entityKilledBy.Spider":1,"stat.useItem.spartanweaponry.club_wood":3,"stat.craftItem.spartanweaponry.boomerang_stone":1,"stat.craftItem.minecraft.stone_pickaxe":1,"stat.pickup.minecraft.cobblestone":44,"stat.pickup.quark.black_ash":5,"stat.useItem.spartanweaponry.boomerang_stone":16,"stat.craftItem.minecraft.stone_sword":1,"stat.flyOneCm":301237,"stat.craftItem.minecraft.glass_bottle":3,"stat.pickup.minecraft.glass_bottle":1,"stat.pickup.minecraft.brown_mushroom":1,"stat.mineBlock.minecraft.sand":8,"stat.pickup.spartanshields.shield_basic_stone":1,"stat.useItem.minecraft.cooked_beef":4,"stat.pickup.quark.tallow":18,"stat.timeSinceDeath":6838,"stat.pickup.quark.cooked_frog_leg":186,"stat.craftItem.minecraft.wooden_pickaxe":1,"stat.pickup.minecraft.mutton":6,"stat.pickup.minecraft.double_plant":9,"stat.pickup.minecraft.wooden_axe":11,"stat.mineBlock.minecraft.vine":1,"stat.furnaceInteraction":14,"stat.mineBlock.minecraft.coal_ore":3,"stat.pickup.realistictorches.torch_unlit":5,"stat.pickup.minecraft.wooden_sword":2,"stat.pickup.minecraft.string":16,"stat.useItem.realistictorches.torch_unlit":1,"stat.pickup.minecraft.beef":6,"stat.pickup.minecraft.furnace":1,"stat.useItem.minecraft.cooked_mutton":1,"stat.craftItem.spartanweaponry.boomerang_wood":1,"stat.entityKilledBy.Skeleton":6,"stat.craftItem.minecraft.stone_slab2":0,"stat.mineBlock.realistictorches.torch_unlit":1,"stat.killEntity.Squid":1,"stat.sprintOneCm":185735,"stat.useItem.spartanweaponry.saber_iron":25,"stat.craftItem.minecraft.stick":16,"stat.craftItem.minecraft.wooden_axe":1,"stat.craftItem.toughasnails.purified_water_bottle":1,"stat.pickup.minecraft.potion":1,"stat.mineBlock.minecraft.crafting_table":1,"stat.killEntity.Husk":1,"stat.entityKilledBy.Creeper":1,"stat.deaths":16,"stat.drop":3,"stat.pickup.minecraft.egg":3,"stat.playOneMinute":84739,"stat.useItem.minecraft.wooden_sword":20,"stat.killEntity.Sheep":1,"stat.killEntity.Zombie":11,"stat.mineBlock.minecraft.tallgrass":18,"stat.diveOneCm":22604,"stat.pickup.minecraft.cooked_mutton":1,"stat.chestOpened":9,"stat.pickup.minecraft.arrow":3,"stat.useItem.minecraft.glass_bottle":3,"stat.craftItem.minecraft.coal":1,"stat.useItem.minecraft.rotten_flesh":2,"stat.jump":1635,"stat.pickup.minecraft.coal":16,"stat.fallOneCm":34300,"stat.drop.minecraft.wooden_sword":1,"stat.crouchOneCm":6018,"stat.mineBlock.minecraft.chest":1,"stat.pickup.minecraft.spider_eye":1,"stat.pickup.minecraft.dirt":258,"stat.craftingTableInteraction":17,"stat.pickup.spartanweaponry.boomerang_wood":3,"stat.pickup.minecraft.wooden_pickaxe":7,"stat.pickup.minecraft.feather":9,"stat.damageTaken":3661,"stat.pickup.minecraft.leather":17,"stat.useItem.minecraft.wooden_pickaxe":3,"stat.pickup.minecraft.dye":1,"stat.pickup.minecraft.planks":49,"stat.pickup.minecraft.reeds":20,"stat.pickup.minecraft.bed":1,"stat.pickup.minecraft.wheat_seeds":10,"stat.entityKilledBy.Zombie":3,"stat.useItem.minecraft.stone_pickaxe":24,"stat.useItem.minecraft.stone_sword":25,"stat.damageDealt":5037,"stat.craftItem.minecraft.glass":6,"stat.pickup.toughasnails.jelled_slime_helmet":3,"stat.pickup.spartanweaponry.saber_iron":3,"stat.killEntity.Cow":5,"stat.mineBlock.minecraft.dirt":34,"stat.useItem.minecraft.crafting_table":1,"stat.killEntity.Pig":4,"stat.walkOneCm":125294,"stat.playerKills":2,"stat.pickup.spartanweaponry.boomerang_stone":3,"stat.pickup.minecraft.stick":33,"stat.pickup.minecraft.crafting_table":6,"stat.useItem.minecraft.cobblestone":81,"stat.craftItem.minecraft.crafting_table":3,"stat.mineBlock.minecraft.double_plant":1,"stat.mineBlock.quark.black_ash":1,"stat.pickup.minecraft.log":42,"stat.useItem.quark.cooked_frog_leg":2,"stat.craftItem.realistictorches.torch_unlit":4,"stat.pickup.minecraft.stone":18,"stat.drop.minecraft.sapling":1,"stat.pickup.minecraft.chicken":3,"stat.pickup.minecraft.sapling":43,"stat.pickup.minecraft.cooked_beef":61,"stat.killEntity.Skeleton":3,"stat.craftItem.minecraft.planks":52,"stat.killEntity.Chicken":2,"stat.killEntity.Spider":4,"stat.pickup.minecraft.stone_sword":5,"stat.mobKills":33,"stat.pickup.spartanweaponry.spear_wood":1,"stat.mineBlock.minecraft.log":20,"stat.pickup.minecraft.water_bucket":1,"stat.useItem.quark.pickarang":108,"stat.mineBlock.minecraft.leaves":8,"stat.sneakTime":2827,"stat.useItem.minecraft.wooden_axe":30,"stat.mineBlock.minecraft.stone":36,"stat.pickup.quark.pickarang":1}